{
  "0": 0.005504429340362549,
  "2": 0.010800302028656006,
  "3": 0.0033413171768188477,
  "4": 0.0021041035652160645,
  "5": 0.0013584494590759277,
  "6": 0.007439732551574707,
  "7": 0.0034212470054626465,
  "8": 0.0014004707336425781,
  "9": 0.0036860108375549316,
  "10": 0.0018224716186523438,
  "11": 0.0017292499542236328,
  "12": 0.004919886589050293,
  "13": 0.002459585666656494,
  "14": 0.004099786281585693,
  "15": 0.002282083034515381,
  "16": 0.0034163594245910645,
  "17": 0.003349483013153076,
  "18": 0.0021700263023376465,
  "19": 0.002559661865234375,
  "20": 0.001295626163482666,
  "21": 0.003572404384613037,
  "22": 0.007112264633178711,
  "23": 0.0016456842422485352,
  "24": 0.008321106433868408,
  "25": 0.0014169812202453613,
  "27": 0.001376509666442871,
  "28": 0.0029197335243225098,
  "29": 0.0018506050109863281,
  "30": 0.0057334303855896,
  "31": 0.00162583589553833,
  "32": 0.0020033717155456543,
  "33": 0.00242769718170166,
  "34": 0.0054299235343933105,
  "35": 0.005015969276428223,
  "36": 0.001985788345336914,
  "37": 0.0015151500701904297,
  "38": 0.0019622445106506348,
  "39": 0.001529395580291748,
  "40": 0.002461671829223633,
  "41": 0.002801060676574707,
  "42": 0.0029186606407165527,
  "43": 0.004582464694976807,
  "44": 0.0020323991775512695,
  "45": 0.0023037195205688477,
  "46": 0.003310561180114746,
  "48": 0.0022194385528564453,
  "49": 0.011476576328277588,
  "51": 0.001479804515838623,
  "53": 0.001533806324005127,
  "54": 0.0017723441123962402,
  "55": 0.0013439059257507324,
  "56": 0.0020287036895751953,
  "57": 0.002385437488555908,
  "58": 0.008762836456298828,
  "59": 0.008760213851928711,
  "60": 0.0016333460807800293,
  "61": 0.0020172595977783203,
  "62": 0.004502475261688232,
  "63": 0.0019458532333374023
}